timestamps,TP9,AF7,AF8,TP10,Right AUX
1676160248.165,22.949,-10.742,-33.203,18.066,0.000
1676160248.169,-11.719,-11.230,-28.809,-19.043,0.000
1676160248.173,-29.785,-15.625,-35.156,-40.527,0.000
1676160248.177,-7.324,-17.578,-39.062,-10.742,0.000
1676160248.181,20.020,-12.207,-28.809,25.879,0.000
1676160248.185,6.348,-10.254,-33.203,1.953,0.000
1676160248.189,-23.926,-17.578,-41.016,-37.598,0.000
1676160248.192,-16.113,-24.414,-34.668,-10.742,0.000
1676160248.196,17.578,-12.695,-33.691,36.621,0.000
1676160248.200,8.301,-7.324,-41.504,9.277,0.000
1676160248.204,-26.367,-12.207,-36.133,-42.969,0.000
1676160248.208,-15.137,-8.301,-27.344,-13.184,0.000
1676160248.212,12.207,-12.207,-31.250,33.691,0.000
1676160248.216,8.301,-20.020,-35.156,21.484,0.000
1676160248.220,-16.602,-23.926,-35.645,-25.391,0.000
1676160248.224,-15.137,-21.484,-26.855,-17.578,0.000
1676160248.228,1.953,-21.484,-26.855,21.484,0.000
1676160248.231,10.254,-29.785,-32.715,26.367,0.000
1676160248.235,-9.277,-30.762,-27.832,-15.137,0.000
1676160248.239,-34.180,-22.461,-27.832,-41.016,0.000
1676160248.243,-11.230,-17.090,-27.344,-0.488,0.000
1676160248.247,0.977,-19.531,-31.250,9.277,0.000
1676160248.251,-15.625,-18.555,-34.668,-22.461,0.000
1676160248.255,-31.738,-10.742,-31.738,-41.504,0.000
1676160248.259,-20.996,-9.277,-36.621,-30.273,0.000
1676160248.263,6.836,-7.812,-42.969,3.906,0.000
1676160248.267,8.301,-5.859,-40.039,-3.418,0.000
1676160248.271,-25.391,-8.301,-36.621,-42.969,0.000
1676160248.274,-27.832,-5.859,-37.109,-38.574,0.000
1676160248.278,5.859,-6.836,-41.016,0.488,0.000
1676160248.282,16.602,-7.812,-41.016,-0.977,0.000
1676160248.286,-5.859,-5.371,-36.621,-32.715,0.000
1676160248.290,-25.391,-7.812,-39.062,-44.434,0.000
1676160248.294,-4.395,-11.230,-43.457,-24.902,0.000
1676160248.298,11.719,-9.277,-41.016,-6.348,0.000
1676160248.302,-10.742,-4.395,-37.109,-26.367,0.000
1676160248.306,-22.949,-5.859,-32.715,-40.527,0.000
1676160248.310,-4.883,-6.348,-39.551,-3.906,0.000
1676160248.314,13.672,-11.230,-44.434,11.719,0.000
1676160248.317,13.184,-10.254,-33.203,-6.836,0.000
1676160248.321,-11.230,-3.418,-26.367,-24.414,0.000
1676160248.325,-8.789,-8.301,-19.043,-5.859,0.000
1676160248.329,21.973,-11.230,-14.648,32.227,0.000
1676160248.333,12.695,-10.254,-21.973,18.066,0.000
1676160248.337,-15.137,-8.301,-22.949,-23.926,0.000
1676160248.341,-15.137,-13.672,-19.043,-24.902,0.000
1676160248.345,8.789,-17.578,-20.508,24.902,0.000
1676160248.349,17.090,-8.301,-22.949,41.504,0.000
1676160248.353,-9.766,-0.977,-17.090,-12.695,0.000
1676160248.356,-22.949,-4.395,-10.254,-27.832,0.000
1676160248.360,-3.418,-4.883,-20.996,5.371,0.000
1676160248.364,7.324,-5.859,-30.762,20.020,0.000
1676160248.368,-12.207,-15.625,-34.180,-6.348,0.000
1676160248.372,-19.043,-14.160,-32.227,-26.367,0.000
1676160248.376,-0.488,-9.277,-24.902,6.836,0.000
1676160248.380,7.812,-8.301,-20.020,40.039,0.000
1676160248.384,1.465,-4.883,-18.555,7.324,0.000
1676160248.388,-13.672,-8.789,-16.602,-36.133,0.000
1676160248.392,-4.883,-17.090,-20.996,-7.812,0.000
1676160248.396,19.531,-13.184,-24.414,33.203,0.000
1676160248.399,17.578,-15.625,-30.762,12.207,0.000
1676160248.403,-6.836,-12.207,-35.156,-31.738,0.000
1676160248.407,-11.230,-6.348,-35.645,-27.832,0.000
1676160248.411,17.090,-9.766,-32.227,20.508,0.000
1676160248.415,31.250,-7.812,-28.809,17.578,0.000
1676160248.419,7.324,-1.953,-23.926,-23.926,0.000
1676160248.423,-10.254,-5.371,-22.461,-19.043,0.000
1676160248.427,0.000,-11.230,-36.621,5.859,0.000
1676160248.431,14.648,-7.812,-40.527,17.578,0.000
1676160248.435,0.000,-5.371,-33.203,1.465,0.000
1676160248.438,-22.461,-8.301,-30.762,-31.738,0.000
1676160248.442,-8.789,-13.184,-36.133,-16.113,0.000
1676160248.446,15.625,-16.602,-28.320,14.160,0.000
1676160248.450,2.441,-22.949,-23.438,-7.812,0.000
1676160248.454,-27.344,-18.555,-30.762,-41.992,0.000
1676160248.458,-21.973,-9.766,-31.250,-26.855,0.000
1676160248.462,-2.441,-11.719,-31.738,3.906,0.000
1676160248.466,5.859,-12.207,-34.180,0.488,0.000
1676160248.470,-19.531,-14.648,-34.668,-45.898,0.000
1676160248.474,-30.762,-15.625,-30.273,-46.875,0.000
1676160248.478,-0.488,-4.883,-30.273,-9.766,0.000
1676160248.481,15.625,-2.930,-25.391,7.812,0.000
1676160248.485,-9.766,-14.648,-25.879,-26.367,0.000
1676160248.489,-33.203,-14.648,-32.227,-54.199,0.000
1676160248.493,-10.742,-16.602,-29.785,-20.020,0.000
1676160248.497,6.348,-24.902,-27.832,-3.906,0.000
1676160248.501,-15.625,-22.949,-26.367,-38.086,0.000
1676160248.505,-41.016,-18.555,-28.320,-62.988,0.000
1676160248.509,-30.273,-16.113,-33.691,-33.691,0.000
1676160248.513,4.883,-16.113,-31.738,3.418,0.000
1676160248.517,-1.953,-18.066,-37.598,-16.113,0.000
1676160248.521,-31.250,-19.531,-40.527,-50.781,0.000
1676160248.524,-26.367,-20.508,-36.133,-34.668,0.000
1676160248.528,-1.465,-23.438,-36.133,2.930,0.000
1676160248.532,0.000,-23.438,-35.645,-7.812,0.000
1676160248.536,-27.832,-20.996,-24.902,-50.781,0.000
1676160248.540,-32.715,-17.578,-25.879,-57.129,0.000
1676160248.544,-10.254,-19.043,-42.969,-16.113,0.000
1676160248.548,-2.930,-21.484,-32.227,-4.395,0.000
1676160248.552,-26.367,-23.926,-23.926,-48.340,0.000
1676160248.556,-39.551,-22.949,-28.320,-56.641,0.000
1676160248.560,-13.184,-20.508,-22.461,-9.766,0.000
1676160248.563,1.465,-21.484,-17.578,8.789,0.000
1676160248.567,-13.672,-24.414,-20.508,-14.160,0.000
1676160248.571,-25.879,-24.902,-24.414,-32.227,0.000
1676160248.575,-15.625,-19.531,-26.367,-16.113,0.000
1676160248.579,3.906,-17.578,-27.832,10.254,0.000
1676160248.583,0.488,-20.020,-27.344,1.953,0.000
1676160248.587,-29.785,-25.391,-29.785,-38.086,0.000
1676160248.591,-35.156,-26.367,-27.832,-41.016,0.000
1676160248.595,-1.953,-19.043,-22.461,4.395,0.000
1676160248.599,11.719,-18.066,-23.438,21.973,0.000
1676160248.603,-14.648,-19.531,-27.344,-18.555,0.000
1676160248.606,-32.227,-23.926,-28.809,-40.039,0.000
1676160248.610,-11.719,-21.973,-21.484,-3.906,0.000
1676160248.614,11.719,-12.695,-17.090,23.438,0.000
1676160248.618,11.230,-10.742,-22.949,10.742,0.000
1676160248.622,-26.855,-15.625,-24.414,-25.879,0.000
1676160248.626,-18.555,-22.949,-31.738,-12.207,0.000
1676160248.630,12.207,-25.391,-31.250,18.066,0.000
1676160248.634,-4.883,-23.926,-21.484,7.324,0.000
1676160248.638,-36.133,-24.902,-20.996,-31.250,0.000
1676160248.642,-29.785,-22.461,-20.508,-25.879,0.000
1676160248.646,1.465,-18.066,-24.414,17.090,0.000
1676160248.649,0.488,-20.508,-23.926,14.648,0.000
1676160248.653,-26.855,-24.902,-19.043,-25.391,0.000
1676160248.657,-25.879,-21.484,-25.879,-30.273,0.000
1676160248.661,11.719,-20.508,-37.598,13.672,0.000
1676160248.665,20.996,-22.461,-40.527,13.672,0.000
1676160248.669,-8.301,-19.531,-36.621,-33.203,0.000
1676160248.673,-18.066,-16.602,-35.156,-33.691,0.000
1676160248.677,12.207,-8.301,-31.250,11.230,0.000
1676160248.681,22.949,-11.230,-31.738,27.832,0.000
1676160248.685,-5.859,-19.043,-35.645,-11.230,0.000
1676160248.688,-22.949,-14.160,-29.785,-25.391,0.000
1676160248.692,-2.930,-10.742,-21.484,11.230,0.000
1676160248.696,15.625,-14.648,-30.762,28.320,0.000
1676160248.700,11.719,-10.742,-33.203,22.461,0.000
1676160248.704,-12.207,-11.230,-32.715,-11.719,0.000
1676160248.708,-14.648,-14.160,-36.621,-2.930,0.000
1676160248.712,8.301,-9.766,-38.574,25.879,0.000
1676160248.716,11.230,-5.859,-37.109,12.695,0.000
1676160248.720,-11.230,-5.859,-33.691,-25.879,0.000
1676160248.724,-21.973,-10.742,-31.250,-30.762,0.000
1676160248.728,6.836,-10.254,-30.273,6.836,0.000
1676160248.731,31.250,-10.254,-33.691,25.879,0.000
1676160248.735,14.648,-8.301,-34.668,2.930,0.000
1676160248.739,-10.254,-2.441,-37.598,-25.391,0.000
1676160248.743,7.324,-0.488,-35.156,-0.488,0.000
1676160248.747,35.156,0.977,-22.949,32.715,0.000
1676160248.751,15.137,1.465,-21.484,16.602,0.000
1676160248.755,-23.438,-5.859,-30.762,-17.578,0.000
1676160248.759,-8.301,-4.395,-33.691,-11.719,0.000
1676160248.763,23.438,6.836,-33.691,22.461,0.000
1676160248.767,20.996,9.766,-31.738,23.438,0.000
1676160248.771,-13.184,4.395,-30.762,-20.508,0.000
1676160248.774,-20.508,8.789,-34.180,-25.879,0.000
1676160248.778,11.719,9.766,-32.715,15.137,0.000
1676160248.782,13.184,-1.953,-32.227,18.555,0.000
1676160248.786,-21.973,-11.719,-35.156,-27.832,0.000
1676160248.790,-37.598,-13.672,-36.621,-39.062,0.000
1676160248.794,-15.137,-16.602,-34.180,5.859,0.000
1676160248.798,8.301,-16.602,-29.297,30.762,0.000
1676160248.802,-10.742,-12.695,-26.367,-14.160,0.000
1676160248.806,-28.809,-10.742,-23.438,-40.039,0.000
1676160248.810,-3.418,-11.719,-24.414,-7.324,0.000
1676160248.813,8.301,-16.602,-31.738,8.789,0.000
1676160248.817,-11.719,-9.766,-31.738,-17.578,0.000
1676160248.821,-31.738,-3.418,-28.320,-44.922,0.000
1676160248.825,-21.484,-11.230,-30.762,-27.344,0.000
1676160248.829,2.930,-13.184,-32.227,6.348,0.000
1676160248.833,-2.930,-10.254,-27.344,-1.953,0.000
1676160248.837,-29.297,-11.719,-31.250,-46.875,0.000
1676160248.841,-22.949,-15.625,-31.738,-27.344,0.000
1676160248.845,4.883,-18.555,-36.621,24.902,0.000
1676160248.849,10.742,-19.043,-40.039,21.973,0.000
1676160248.853,-9.766,-16.602,-29.297,-11.230,0.000
1676160248.856,-13.672,-5.371,-18.555,-17.090,0.000
1676160248.860,8.789,-0.977,-17.578,16.113,0.000
1676160248.864,22.461,-8.789,-26.855,23.926,0.000
1676160248.868,3.906,-16.602,-33.203,-11.230,0.000
1676160248.872,-23.926,-22.949,-33.203,-39.062,0.000
1676160248.876,-11.230,-20.020,-30.762,-14.160,0.000
1676160248.880,12.207,-11.230,-37.598,17.578,0.000
1676160248.884,9.277,-5.859,-34.180,-6.348,0.000
1676160248.888,-12.695,-9.766,-27.832,-41.504,0.000
1676160248.892,-18.066,-15.625,-28.320,-21.973,0.000
1676160248.896,7.324,-13.184,-31.250,12.695,0.000
1676160248.899,18.555,-17.578,-32.227,10.254,0.000
1676160248.903,-1.953,-23.438,-33.203,-17.578,0.000
1676160248.907,-11.719,-23.438,-30.762,-21.484,0.000
1676160248.911,18.066,-17.578,-26.855,17.090,0.000
1676160248.915,35.156,-13.672,-28.809,25.879,0.000
1676160248.919,12.207,-7.812,-24.414,-10.254,0.000
1676160248.923,-4.883,-3.418,-25.391,-28.809,0.000
1676160248.927,15.625,-9.766,-22.949,1.953,0.000
1676160248.931,35.645,-11.719,-20.020,28.320,0.000
1676160248.935,17.578,-8.789,-20.508,12.207,0.000
1676160248.938,-6.348,-13.672,-20.996,-22.949,0.000
1676160248.942,9.277,-8.301,-22.461,-0.977,0.000
1676160248.946,42.480,-3.906,-15.137,50.781,0.000
1676160248.950,27.344,-13.672,-21.484,28.320,0.000
1676160248.954,-2.441,-11.230,-26.367,-12.695,0.000
1676160248.958,9.277,-2.930,-19.531,2.441,0.000
1676160248.962,25.391,-9.277,-22.461,36.621,0.000
1676160248.966,25.391,-10.742,-28.809,31.738,0.000
1676160248.970,0.488,-13.184,-28.320,-11.719,0.000
1676160248.974,-7.812,-12.207,-24.414,-18.555,0.000
1676160248.978,12.207,-13.672,-25.391,16.602,0.000
1676160248.981,23.926,-12.207,-24.902,26.367,0.000
1676160248.985,5.859,-7.324,-24.902,-4.395,0.000
1676160248.989,-17.090,-11.719,-31.738,-21.484,0.000
1676160248.993,-2.930,-16.602,-35.645,5.371,0.000
1676160248.997,11.230,-20.996,-34.668,12.207,0.000
1676160249.001,-5.859,-16.113,-33.691,-8.789,0.000
1676160249.005,-34.668,-16.602,-40.039,-40.527,0.000
1676160249.009,-30.273,-18.066,-34.668,-23.438,0.000
1676160249.013,-5.371,-13.672,-31.738,9.277,0.000
1676160249.017,-2.441,-8.789,-26.367,-4.883,0.000
1676160249.021,-26.855,-9.277,-19.531,-34.668,0.000
1676160249.024,-24.414,-9.766,-27.832,-18.066,0.000
1676160249.028,12.695,-12.207,-35.645,26.367,0.000
1676160249.032,15.625,-13.184,-31.738,20.020,0.000
1676160249.036,-2.930,-14.160,-29.785,-13.184,0.000
1676160249.040,-8.301,-17.090,-34.180,-24.414,0.000
1676160249.044,0.977,-13.184,-40.039,-5.859,0.000
1676160249.048,20.996,-8.789,-36.621,10.742,0.000
1676160249.052,2.930,-9.766,-32.227,-19.043,0.000
1676160249.056,-29.297,-16.602,-31.738,-50.293,0.000
1676160249.060,-12.695,-20.508,-40.527,-31.250,0.000
1676160249.063,14.648,-12.207,-30.273,9.277,0.000
1676160249.067,5.371,-13.184,-13.672,1.465,0.000
1676160249.071,-26.367,-18.555,-22.949,-37.109,0.000
1676160249.075,-20.996,-16.113,-31.738,-22.949,0.000
1676160249.079,6.836,-13.672,-28.320,12.695,0.000
1676160249.083,9.766,-5.371,-21.973,13.672,0.000
1676160249.087,-24.414,-12.695,-25.391,-28.809,0.000
1676160249.091,-33.203,-20.996,-24.414,-33.691,0.000
1676160249.095,-2.930,-10.254,-21.973,6.348,0.000
1676160249.099,10.742,-4.883,-19.531,9.277,0.000
1676160249.103,-15.625,-14.648,-24.414,-32.227,0.000
1676160249.106,-40.039,-21.973,-20.020,-49.805,0.000
1676160249.110,-9.766,-19.531,-23.438,-12.695,0.000
1676160249.114,11.719,-16.113,-36.133,1.465,0.000
1676160249.118,-10.254,-20.020,-34.668,-24.902,0.000
1676160249.122,-30.762,-24.902,-28.320,-45.410,0.000
1676160249.126,-19.043,-23.926,-25.391,-20.020,0.000
1676160249.130,-0.488,-18.066,-33.691,7.812,0.000
1676160249.134,-20.508,-21.484,-39.551,-26.855,0.000
1676160249.138,-52.246,-18.555,-38.086,-68.359,0.000
1676160249.142,-32.715,-13.184,-43.457,-36.621,0.000
1676160249.145,-1.465,-15.137,-40.527,-1.465,0.000
1676160249.149,-0.488,-7.324,-28.320,-15.137,0.000
1676160249.153,-30.762,-3.418,-32.715,-46.875,0.000
1676160249.157,-41.504,-13.184,-36.621,-51.270,0.000
1676160249.161,-13.672,-12.207,-36.621,-18.066,0.000
1676160249.165,-4.395,-11.719,-38.086,-8.301,0.000
1676160249.169,-25.391,-15.625,-37.109,-37.598,0.000
1676160249.173,-40.527,-21.484,-41.992,-43.457,0.000
1676160249.177,-26.855,-28.320,-44.434,-28.809,0.000
1676160249.181,-6.348,-21.973,-34.668,-10.254,0.000
1676160249.185,-23.438,-10.254,-28.320,-23.438,0.000
1676160249.188,-47.852,-5.859,-26.367,-61.035,0.000
1676160249.192,-29.785,-14.160,-32.227,-44.434,0.000
1676160249.196,-2.441,-12.695,-33.691,0.000,0.000
1676160249.200,-6.836,-11.230,-27.832,-13.184,0.000
1676160249.204,-31.250,-14.160,-29.785,-50.293,0.000
1676160249.208,-32.227,-16.602,-31.738,-36.621,0.000
1676160249.212,-7.812,-20.020,-28.809,-1.465,0.000
1676160249.216,5.371,-21.484,-25.879,-2.930,0.000
1676160249.220,-23.926,-28.809,-27.832,-39.062,0.000
1676160249.224,-43.945,-30.273,-33.691,-48.828,0.000
1676160249.228,-11.719,-19.531,-32.715,-1.465,0.000
1676160249.231,9.766,-12.207,-24.414,14.648,0.000
1676160249.235,-12.207,-12.207,-19.043,-30.273,0.000
1676160249.239,-31.250,-12.695,-24.902,-47.363,0.000
1676160249.243,-14.648,-17.090,-28.320,-19.043,0.000
1676160249.247,4.883,-11.230,-18.555,3.418,0.000
1676160249.251,-14.648,-5.859,-25.879,-15.625,0.000
1676160249.255,-37.598,-16.113,-36.133,-37.109,0.000
1676160249.259,-31.250,-26.367,-32.227,-16.602,0.000
1676160249.263,2.930,-18.066,-30.762,10.742,0.000
1676160249.267,1.953,-9.277,-27.344,4.395,0.000
1676160249.270,-30.762,-15.625,-31.250,-36.133,0.000
1676160249.274,-28.809,-15.625,-34.668,-29.297,0.000
1676160249.278,-1.953,-13.184,-34.180,19.043,0.000
1676160249.282,-0.488,-13.672,-38.574,9.277,0.000
1676160249.286,-27.344,-9.766,-33.203,-26.367,0.000
1676160249.290,-37.109,-9.277,-31.738,-31.738,0.000
1676160249.294,-15.625,-17.578,-39.062,-9.766,0.000
1676160249.298,-6.836,-20.996,-42.480,0.488,0.000
1676160249.302,-22.461,-17.578,-37.109,-31.250,0.000
1676160249.306,-35.645,-14.648,-31.738,-49.316,0.000
1676160249.310,-12.695,-14.648,-37.598,-9.766,0.000
1676160249.313,11.230,-17.090,-44.922,20.996,0.000
1676160249.317,-0.488,-16.602,-38.086,-9.277,0.000
1676160249.321,-16.602,-15.137,-32.715,-31.250,0.000
1676160249.325,-13.672,-17.090,-40.527,-16.113,0.000
1676160249.329,6.836,-15.625,-38.574,2.930,0.000
1676160249.333,9.277,-17.578,-25.391,7.812,0.000
1676160249.337,-14.648,-14.648,-19.043,-23.926,0.000
1676160249.341,-19.531,-14.648,-26.855,-36.133,0.000
1676160249.345,7.324,-18.555,-34.180,3.418,0.000
1676160249.349,15.625,-18.555,-32.715,11.719,0.000
1676160249.353,-12.207,-18.555,-33.691,-35.156,0.000
1676160249.356,-18.555,-16.113,-30.762,-46.387,0.000
1676160249.360,10.742,-8.301,-31.738,-7.812,0.000
1676160249.364,16.113,-11.230,-34.180,23.438,0.000
1676160249.368,3.418,-20.508,-22.949,17.578,0.000
1676160249.372,-18.066,-20.508,-32.227,-24.902,0.000
1676160249.376,-12.207,-18.555,-47.852,-15.137,0.000
1676160249.380,17.578,-11.719,-38.574,25.879,0.000
1676160249.384,13.672,-6.836,-28.809,8.301,0.000
1676160249.388,-16.113,-15.625,-32.227,-36.621,0.000
1676160249.392,-9.766,-15.625,-29.785,-17.090,0.000
1676160249.395,16.602,-13.184,-22.949,27.832,0.000
1676160249.399,9.766,-18.066,-24.902,9.766,0.000
1676160249.403,-14.648,-19.531,-30.762,-27.832,0.000
1676160249.407,-16.602,-24.902,-33.691,-22.461,0.000
1676160249.411,1.465,-25.391,-30.762,20.508,0.000
1676160249.415,8.789,-18.555,-34.180,24.902,0.000
1676160249.419,-7.324,-16.113,-42.480,-24.414,0.000
1676160249.423,-23.438,-17.090,-40.039,-39.551,0.000
1676160249.427,-5.371,-18.066,-30.273,-0.977,0.000
1676160249.431,18.555,-11.719,-27.832,22.461,0.000
1676160249.435,-2.441,-8.301,-34.668,-7.324,0.000
1676160249.438,-23.438,-12.695,-36.621,-28.809,0.000
1676160249.442,-8.301,-14.648,-37.109,-2.441,0.000
1676160249.446,11.230,-9.766,-39.551,23.926,0.000
1676160249.450,7.812,-12.695,-36.621,7.812,0.000
1676160249.454,-20.508,-20.508,-39.062,-27.832,0.000
1676160249.458,-20.020,-25.391,-46.387,-17.090,0.000
1676160249.462,9.766,-20.508,-41.992,11.719,0.000
1676160249.466,16.113,-12.207,-36.133,8.301,0.000
1676160249.470,-11.230,-17.578,-36.133,-20.020,0.000
1676160249.474,-20.020,-18.066,-39.062,-23.926,0.000
1676160249.478,5.859,-11.230,-31.738,11.230,0.000
1676160249.481,22.461,-15.137,-26.855,31.250,0.000
1676160249.485,0.488,-24.902,-30.273,-3.418,0.000
1676160249.489,-11.719,-16.113,-26.367,-25.879,0.000
1676160249.493,8.301,-11.719,-32.715,7.812,0.000
1676160249.497,20.508,-16.113,-36.133,23.926,0.000
1676160249.501,10.742,-14.160,-33.203,-6.348,0.000
1676160249.505,-30.273,-19.531,-43.945,-36.133,0.000
1676160249.509,-20.020,-23.926,-46.875,-14.160,0.000
1676160249.513,28.809,-18.555,-32.715,22.949,0.000
1676160249.517,20.996,-11.719,-31.738,7.812,0.000
1676160249.520,-17.090,-13.184,-41.992,-34.668,0.000
1676160249.524,-24.902,-17.090,-38.086,-37.109,0.000
1676160249.528,0.000,-14.648,-32.227,0.977,0.000
1676160249.532,4.395,-18.066,-37.598,0.000,0.000
1676160249.536,-24.414,-20.996,-38.574,-45.898,0.000
1676160249.540,-38.574,-17.090,-32.227,-51.758,0.000
1676160249.544,-16.113,-19.043,-28.809,-9.766,0.000
1676160249.548,9.766,-16.113,-26.367,18.066,0.000
1676160249.552,-16.113,-12.695,-34.180,-27.832,0.000
1676160249.556,-38.086,-15.625,-39.551,-67.383,0.000
1676160249.560,-13.672,-13.184,-33.691,-33.691,0.000
1676160249.563,9.766,-9.277,-25.879,4.395,0.000
1676160249.567,-2.441,-9.277,-23.438,-11.719,0.000
1676160249.571,-34.668,-7.812,-33.691,-48.340,0.000
1676160249.575,-30.273,-7.812,-28.809,-31.250,0.000
1676160249.579,-7.812,-15.625,-25.391,2.930,0.000
1676160249.583,-5.371,-20.020,-30.762,-9.277,0.000
1676160249.587,-33.203,-24.902,-33.691,-49.316,0.000
1676160249.591,-39.551,-22.949,-33.203,-38.574,0.000
1676160249.595,-20.508,-20.508,-44.922,-1.953,0.000
1676160249.599,-7.812,-15.625,-44.434,-6.348,0.000
1676160249.602,-24.902,-9.766,-35.156,-32.715,0.000
1676160249.606,-26.855,-15.625,-37.109,-36.133,0.000
1676160249.610,-3.418,-20.020,-40.527,-9.766,0.000
1676160249.614,2.930,-20.508,-36.621,-1.465,0.000
1676160249.618,-15.625,-16.602,-35.645,-36.133,0.000
1676160249.622,-35.645,-17.090,-43.457,-54.688,0.000
1676160249.626,-22.461,-12.695,-42.480,-18.066,0.000
1676160249.630,2.930,-9.766,-37.109,18.066,0.000
1676160249.634,-11.230,-14.160,-44.922,-9.277,0.000
1676160249.638,-35.156,-15.625,-44.922,-43.457,0.000
1676160249.642,-32.227,-16.602,-42.969,-29.785,0.000
1676160249.645,-7.324,-17.578,-45.898,-3.418,0.000
1676160249.649,6.348,-16.602,-39.551,-2.930,0.000
1676160249.653,-19.531,-16.602,-37.109,-20.020,0.000
1676160249.657,-37.109,-19.043,-40.527,-35.156,0.000
1676160249.661,-6.348,-14.648,-35.645,-3.906,0.000
1676160249.665,11.719,-10.742,-33.203,11.719,0.000
1676160249.669,-22.461,-14.648,-37.598,-38.086,0.000
1676160249.673,-41.016,-13.672,-38.574,-56.152,0.000
1676160249.677,-18.066,-20.508,-34.180,-20.020,0.000
1676160249.681,6.836,-23.926,-25.391,12.695,0.000
1676160249.685,-1.953,-20.508,-26.367,-9.766,0.000
1676160249.688,-27.832,-23.438,-33.691,-45.898,0.000
1676160249.692,-20.508,-20.508,-35.645,-26.367,0.000
1676160249.696,9.277,-13.672,-28.320,14.160,0.000
1676160249.700,-6.836,-19.043,-33.203,-5.371,0.000
1676160249.704,-40.039,-20.508,-40.527,-52.734,0.000
1676160249.708,-29.785,-14.648,-35.156,-41.016,0.000
1676160249.712,0.488,-13.672,-37.598,-1.465,0.000
1676160249.716,-2.930,-17.090,-43.945,-1.953,0.000
1676160249.720,-34.668,-24.902,-42.969,-43.945,0.000
1676160249.724,-41.016,-22.461,-40.527,-59.570,0.000
1676160249.728,-17.090,-22.461,-41.992,-26.367,0.000
1676160249.731,0.488,-25.879,-41.992,1.465,0.000
1676160249.735,-15.625,-20.508,-43.457,-20.996,0.000
1676160249.739,-36.621,-17.090,-38.574,-38.574,0.000
1676160249.743,-8.301,-20.020,-33.203,0.977,0.000
1676160249.747,5.859,-21.484,-39.062,9.766,0.000
1676160249.751,-14.160,-18.555,-37.109,-27.344,0.000
1676160249.755,-33.691,-18.066,-33.203,-49.316,0.000
1676160249.759,-20.508,-21.484,-42.480,-29.297,0.000
1676160249.763,4.883,-24.902,-47.363,9.766,0.000
1676160249.767,-6.836,-25.879,-42.480,-1.465,0.000
1676160249.770,-22.949,-25.391,-39.551,-42.969,0.000
1676160249.774,-18.066,-26.367,-40.039,-40.527,0.000
1676160249.778,6.348,-26.855,-41.016,-0.488,0.000
1676160249.782,17.578,-20.020,-38.574,8.301,0.000
1676160249.786,-9.277,-16.602,-29.785,-24.414,0.000
1676160249.790,-23.926,-25.879,-29.785,-33.203,0.000
1676160249.794,-4.395,-26.855,-37.109,-13.184,0.000
1676160249.798,9.766,-19.531,-41.016,4.395,0.000
1676160249.802,-6.836,-24.902,-39.062,-11.719,0.000
1676160249.806,-33.203,-32.227,-40.527,-46.875,0.000
1676160249.810,-24.414,-29.785,-38.086,-24.902,0.000
1676160249.813,1.465,-34.668,-36.621,3.418,0.000
1676160249.817,-3.418,-33.203,-44.434,-17.090,0.000
1676160249.821,-23.438,-24.414,-42.480,-42.969,0.000
1676160249.825,-21.484,-27.832,-42.969,-33.203,0.000
1676160249.829,-0.488,-25.391,-41.016,0.488,0.000
1676160249.833,5.371,-23.438,-32.227,3.906,0.000
1676160249.837,-34.668,-31.738,-39.062,-42.969,0.000
1676160249.841,-38.086,-27.832,-40.039,-47.852,0.000
1676160249.845,2.930,-23.438,-32.715,-5.371,0.000
1676160249.849,8.789,-23.438,-42.480,-8.301,0.000
1676160249.853,-19.531,-17.578,-48.340,-42.969,0.000
1676160249.856,-33.691,-25.879,-43.945,-44.922,0.000
1676160249.860,-15.625,-37.109,-47.363,-15.137,0.000
1676160249.864,4.883,-27.344,-49.805,-3.906,0.000
1676160249.868,-19.531,-19.043,-46.875,-30.762,0.000
1676160249.872,-41.992,-14.648,-40.527,-52.246,0.000
1676160249.876,-15.137,-11.230,-39.551,-23.926,0.000
1676160249.880,7.812,-15.625,-42.480,15.137,0.000
1676160249.884,7.812,-19.531,-38.086,-2.441,0.000
1676160249.888,-14.160,-20.996,-35.156,-33.691,0.000
1676160249.892,-18.555,-31.250,-32.715,-15.625,0.000
1676160249.895,1.953,-30.762,-35.645,11.719,0.000
1676160249.899,1.465,-21.484,-42.969,-1.465,0.000
1676160249.903,-23.926,-18.555,-39.551,-32.227,0.000
1676160249.907,-28.809,-20.996,-37.598,-34.668,0.000
1676160249.911,-4.883,-21.973,-38.574,1.465,0.000
1676160249.915,9.766,-18.555,-39.551,17.090,0.000
1676160249.919,-9.277,-21.484,-38.086,-16.602,0.000
1676160249.923,-25.879,-26.855,-30.273,-24.414,0.000
1676160249.927,-8.789,-19.531,-34.668,0.977,0.000
1676160249.931,5.371,-18.555,-42.969,2.441,0.000
1676160249.935,-12.695,-20.996,-36.133,-18.066,0.000
1676160249.938,-30.273,-14.160,-29.785,-28.809,0.000
1676160249.942,-20.020,-12.695,-31.738,-16.113,0.000
1676160249.946,10.254,-12.695,-36.621,9.766,0.000
1676160249.950,12.207,-2.930,-34.180,2.441,0.000
1676160249.954,-19.531,-8.301,-34.668,-41.992,0.000
1676160249.958,-11.719,-13.184,-36.621,-30.273,0.000
1676160249.962,19.531,-9.277,-32.227,16.602,0.000
1676160249.966,16.602,-14.648,-25.391,12.207,0.000
1676160249.970,-16.602,-15.625,-29.785,-29.785,0.000
1676160249.974,-34.180,-12.695,-41.992,-47.363,0.000
1676160249.977,-11.719,-10.254,-37.109,-10.254,0.000
1676160249.981,20.996,-7.812,-20.996,23.926,0.000
1676160249.985,4.395,-12.695,-25.879,-14.648,0.000
1676160249.989,-21.973,-18.066,-43.945,-48.828,0.000
1676160249.993,-6.348,-14.648,-41.504,-10.742,0.000
1676160249.997,25.879,-10.742,-28.320,22.461,0.000
1676160250.001,20.020,-9.766,-32.715,-2.441,0.000
1676160250.005,-18.555,-11.719,-33.203,-36.621,0.000
1676160250.009,-14.648,-6.836,-19.531,-17.578,0.000
1676160250.013,11.230,-5.859,-25.879,21.484,0.000
1676160250.017,-1.465,-13.184,-41.504,2.441,0.000
1676160250.020,-28.809,-11.719,-29.785,-35.156,0.000
1676160250.024,-27.344,-18.066,-25.391,-18.066,0.000
1676160250.028,-1.953,-18.066,-33.691,25.391,0.000
1676160250.032,4.395,-14.648,-37.598,20.996,0.000
1676160250.036,-16.602,-12.695,-34.180,-20.020,0.000
1676160250.040,-24.902,-4.883,-29.785,-25.391,0.000
1676160250.044,-1.953,-10.254,-32.715,6.348,0.000
1676160250.048,12.695,-14.160,-37.109,12.207,0.000
1676160250.052,-6.836,-10.742,-38.574,-25.879,0.000
1676160250.056,-22.461,-15.625,-38.574,-37.598,0.000
1676160250.060,-9.277,-16.602,-45.410,-3.418,0.000
1676160250.063,6.836,-19.043,-45.410,11.719,0.000
1676160250.067,6.348,-23.926,-31.250,-9.766,0.000
1676160250.071,-13.672,-23.438,-29.785,-28.809,0.000
1676160250.075,-16.602,-13.184,-36.133,-8.301,0.000
1676160250.079,6.348,-2.441,-35.156,13.672,0.000
1676160250.083,8.301,-9.277,-35.156,-3.906,0.000
1676160250.087,-18.555,-10.254,-34.180,-37.598,0.000
1676160250.091,-21.484,-6.836,-37.109,-32.227,0.000
1676160250.095,2.441,-11.719,-43.457,2.930,0.000
1676160250.099,16.602,-10.742,-38.574,11.719,0.000
1676160250.102,-12.207,-11.719,-39.551,-22.949,0.000
1676160250.106,-31.738,-13.184,-39.551,-33.691,0.000
1676160250.110,3.906,-11.719,-31.738,7.324,0.000
1676160250.114,30.273,-9.277,-30.273,34.180,0.000
1676160250.118,15.137,-7.812,-36.133,8.789,0.000
1676160250.122,-21.973,-11.719,-47.852,-36.621,0.000
1676160250.126,-8.789,-16.602,-44.434,-22.461,0.000
1676160250.130,20.996,-14.648,-35.156,11.230,0.000
1676160250.134,8.301,-6.836,-36.133,-3.418,0.000
1676160250.138,-22.949,-6.836,-40.527,-43.945,0.000
1676160250.142,-12.207,-15.137,-35.645,-23.438,0.000
1676160250.145,13.184,-19.531,-32.227,16.602,0.000
1676160250.149,0.977,-20.020,-33.691,3.418,0.000
1676160250.153,-19.531,-15.137,-24.414,-26.855,0.000
1676160250.157,-24.414,-10.742,-24.902,-33.691,0.000
1676160250.161,0.488,-14.160,-24.902,10.254,0.000
1676160250.165,2.441,-21.973,-25.391,20.508,0.000
1676160250.169,-29.297,-21.973,-34.180,-26.367,0.000
1676160250.173,-36.621,-18.066,-38.086,-42.480,0.000
1676160250.177,-14.160,-17.090,-39.551,-14.160,0.000
1676160250.181,9.277,-14.160,-33.691,13.672,0.000
1676160250.185,-12.207,-17.090,-32.715,-10.254,0.000
1676160250.188,-37.598,-29.297,-35.156,-37.109,0.000
1676160250.192,-9.277,-24.902,-33.203,-9.766,0.000
1676160250.196,13.672,-15.137,-39.551,19.043,0.000
1676160250.200,3.906,-18.066,-36.133,3.906,0.000
1676160250.204,-20.996,-20.020,-31.250,-31.738,0.000
1676160250.208,-12.207,-21.973,-21.484,-11.230,0.000
1676160250.212,-3.418,-27.344,-19.043,11.230,0.000
1676160250.216,-10.254,-27.832,-35.645,-13.672,0.000
1676160250.220,-27.344,-25.879,-41.016,-56.641,0.000
1676160250.224,-36.133,-26.367,-41.016,-53.223,0.000
1676160250.227,-5.859,-29.297,-41.504,-2.930,0.000
1676160250.231,16.113,-24.902,-35.645,8.301,0.000
1676160250.235,-3.906,-18.555,-31.738,-23.438,0.000
1676160250.239,-29.297,-19.043,-28.809,-38.086,0.000
1676160250.243,-6.836,-20.020,-24.902,-4.883,0.000
1676160250.247,13.672,-20.996,-30.273,19.043,0.000
1676160250.251,-13.672,-30.762,-34.180,-11.719,0.000
1676160250.255,-38.574,-36.133,-32.715,-41.016,0.000
1676160250.259,-24.902,-27.344,-34.668,-28.320,0.000
1676160250.263,2.930,-27.344,-33.203,5.859,0.000
1676160250.267,2.441,-25.879,-28.320,2.930,0.000
1676160250.270,-19.531,-15.625,-29.785,-35.645,0.000
1676160250.274,-27.832,-13.672,-37.598,-41.992,0.000
1676160250.278,-10.742,-12.207,-38.086,3.418,0.000
1676160250.282,2.441,-8.301,-35.645,15.137,0.000
1676160250.286,-18.555,-12.207,-41.016,-26.855,0.000
1676160250.290,-24.902,-11.230,-40.527,-41.016,0.000
1676160250.294,4.395,-7.324,-32.227,-2.441,0.000
1676160250.298,22.461,-11.719,-22.461,24.414,0.000
1676160250.302,-1.953,-14.648,-23.438,-11.230,0.000
1676160250.306,-28.320,-20.020,-30.762,-34.180,0.000
1676160250.309,-11.230,-29.297,-31.250,-7.324,0.000
1676160250.313,12.695,-21.973,-28.809,15.625,0.000
1676160250.317,-1.465,-17.578,-34.668,-5.859,0.000
1676160250.321,-25.879,-23.438,-35.645,-37.598,0.000
1676160250.325,-17.090,-20.996,-30.762,-21.484,0.000
1676160250.329,8.301,-13.672,-31.738,9.277,0.000
1676160250.333,11.230,-11.230,-32.715,-0.977,0.000
1676160250.337,-16.602,-12.695,-38.086,-45.410,0.000
1676160250.341,-14.160,-15.625,-38.086,-26.855,0.000
1676160250.345,10.742,-20.996,-29.785,21.484,0.000
1676160250.349,7.324,-22.949,-31.250,14.648,0.000
1676160250.352,-15.625,-20.996,-28.809,-18.066,0.000
1676160250.356,-20.996,-20.020,-22.461,-22.461,0.000
1676160250.360,-2.441,-26.367,-29.785,5.371,0.000
1676160250.364,10.742,-26.367,-33.203,15.625,0.000
1676160250.368,-3.906,-22.461,-35.156,-20.508,0.000
1676160250.372,-23.926,-21.973,-40.527,-44.434,0.000
1676160250.376,-15.137,-20.508,-40.039,-22.461,0.000
1676160250.380,4.395,-13.184,-33.691,0.488,0.000
1676160250.384,-0.977,-8.301,-27.344,-10.254,0.000
1676160250.388,-18.066,-13.672,-21.484,-34.180,0.000
1676160250.392,-18.555,-23.926,-30.273,-28.320,0.000
1676160250.395,-2.441,-33.203,-40.527,0.000,0.000
1676160250.399,9.766,-29.297,-27.832,12.207,0.000
1676160250.403,-8.789,-17.090,-19.531,-13.672,0.000
1676160250.407,-29.785,-22.949,-23.926,-25.391,0.000
1676160250.411,-4.395,-35.645,-33.691,5.859,0.000
1676160250.415,10.254,-30.762,-37.109,12.695,0.000
1676160250.419,-13.672,-24.902,-35.156,-20.996,0.000
1676160250.423,-25.879,-21.484,-43.945,-32.227,0.000
1676160250.427,-10.742,-16.113,-38.086,-2.441,0.000
1676160250.431,12.207,-13.184,-33.203,12.695,0.000
1676160250.434,-3.418,-24.902,-35.645,-14.160,0.000
1676160250.438,-30.762,-22.461,-33.203,-37.109,0.000
1676160250.442,-9.277,-10.254,-35.156,-9.277,0.000
1676160250.446,17.090,-8.789,-39.062,28.320,0.000
1676160250.450,0.488,-16.113,-32.227,6.836,0.000
1676160250.454,-30.762,-20.020,-22.949,-30.762,0.000
1676160250.458,-20.020,-17.090,-26.855,-17.578,0.000
1676160250.462,9.277,-13.184,-28.809,15.137,0.000
1676160250.466,12.695,-18.066,-25.391,7.324,0.000
1676160250.470,-17.090,-18.555,-29.785,-34.668,0.000
1676160250.474,-31.250,-15.137,-37.598,-39.062,0.000
1676160250.477,-9.277,-22.461,-33.691,0.488,0.000
1676160250.481,4.883,-30.762,-31.738,5.859,0.000
1676160250.485,-12.695,-23.438,-40.039,-32.715,0.000
1676160250.489,-25.391,-22.949,-37.109,-43.457,0.000
1676160250.493,-4.883,-37.109,-32.227,2.441,0.000
1676160250.497,0.977,-34.180,-38.086,22.949,0.000
1676160250.501,-14.648,-28.320,-37.109,-11.719,0.000
1676160250.505,-25.879,-21.973,-38.086,-42.969,0.000
1676160250.509,-14.160,-17.578,-41.992,-20.020,0.000
1676160250.513,7.812,-22.949,-35.156,16.602,0.000
1676160250.517,0.488,-23.926,-37.109,3.418,0.000
1676160250.520,-21.484,-20.508,-37.109,-34.180,0.000
1676160250.524,-25.391,-24.902,-35.156,-38.574,0.000
1676160250.528,-6.348,-24.902,-38.574,0.488,0.000
1676160250.532,4.395,-22.461,-38.574,12.207,0.000
1676160250.536,-19.043,-22.949,-44.922,-24.902,0.000
1676160250.540,-42.969,-20.508,-47.363,-38.574,0.000
1676160250.544,-15.625,-19.531,-38.086,-2.930,0.000
1676160250.548,12.695,-23.926,-33.691,18.555,0.000
1676160250.552,-5.859,-18.066,-34.180,-10.742,0.000
1676160250.556,-27.344,-17.578,-36.621,-30.273,0.000
1676160250.560,-12.695,-24.414,-41.992,-4.395,0.000
1676160250.563,22.461,-14.648,-33.203,31.738,0.000
1676160250.567,15.625,-8.301,-20.508,16.602,0.000
1676160250.571,-20.020,-11.719,-24.414,-29.785,0.000
1676160250.575,-12.695,-17.578,-36.133,-24.414,0.000
1676160250.579,15.625,-20.996,-32.715,19.531,0.000
1676160250.583,22.461,-19.043,-29.297,21.484,0.000
1676160250.587,-7.324,-13.672,-34.180,-33.203,0.000
1676160250.591,-12.695,-18.066,-30.762,-29.785,0.000
1676160250.595,23.926,-13.184,-26.855,16.113,0.000
1676160250.599,26.367,-5.859,-32.715,16.602,0.000
1676160250.602,-7.812,-5.859,-34.668,-16.602,0.000
1676160250.606,-20.996,-6.836,-34.180,-24.414,0.000
1676160250.610,2.930,-10.742,-37.598,8.789,0.000
1676160250.614,16.113,-12.695,-38.574,10.254,0.000
1676160250.618,-5.859,-13.184,-37.109,-18.066,0.000
1676160250.622,-19.531,-19.043,-29.297,-36.133,0.000
1676160250.626,-2.930,-26.367,-30.273,-11.230,0.000
1676160250.630,10.254,-22.949,-36.621,21.973,0.000
1676160250.634,9.766,-15.625,-38.086,-5.371,0.000
1676160250.638,-8.301,-16.113,-35.645,-39.551,0.000
1676160250.642,0.488,-18.555,-34.180,-17.578,0.000
1676160250.645,28.320,-21.484,-31.738,24.414,0.000
1676160250.649,26.855,-20.020,-28.809,13.184,0.000
1676160250.653,-2.441,-25.391,-34.180,-34.668,0.000
1676160250.657,-17.090,-31.250,-38.574,-23.926,0.000
1676160250.661,2.441,-30.273,-35.156,15.625,0.000
1676160250.665,16.602,-28.809,-28.320,17.578,0.000
1676160250.669,0.488,-23.926,-21.973,-9.277,0.000
1676160250.673,-16.602,-21.973,-19.043,-1.953,0.000
1676160250.677,-0.977,-21.973,-31.250,17.090,0.000
1676160250.681,18.066,-22.949,-38.086,26.367,0.000
1676160250.684,4.883,-22.949,-35.156,6.348,0.000
1676160250.688,-22.949,-21.973,-35.156,-24.414,0.000
1676160250.692,-15.137,-25.879,-41.504,-10.254,0.000
1676160250.696,10.254,-29.297,-43.945,17.090,0.000
1676160250.700,8.301,-25.391,-41.016,4.883,0.000
1676160250.704,-22.949,-23.926,-41.016,-39.551,0.000
1676160250.708,-33.691,-20.508,-43.457,-34.180,0.000
1676160250.712,0.488,-12.695,-38.574,19.531,0.000
1676160250.716,14.648,-8.789,-31.250,24.414,0.000
1676160250.720,-15.625,-8.789,-32.715,-20.020,0.000
1676160250.724,-30.762,-13.184,-39.551,-33.203,0.000
1676160250.727,-10.254,-8.789,-42.480,-4.395,0.000
1676160250.731,9.766,-6.836,-36.133,20.996,0.000
1676160250.735,-13.672,-15.625,-38.574,-17.578,0.000
1676160250.739,-40.527,-23.438,-40.527,-52.734,0.000
1676160250.743,-15.137,-22.949,-33.691,-11.230,0.000
1676160250.747,7.324,-17.090,-36.621,15.137,0.000
1676160250.751,-13.184,-20.996,-42.480,-14.160,0.000
1676160250.755,-40.039,-22.949,-41.504,-45.410,0.000
1676160250.759,-29.297,-26.367,-39.551,-28.809,0.000
1676160250.763,-0.488,-24.902,-34.668,7.812,0.000
1676160250.767,-4.395,-16.113,-32.227,-11.230,0.000
1676160250.770,-36.621,-21.484,-36.133,-55.664,0.000
1676160250.774,-22.949,-18.555,-30.273,-36.621,0.000
1676160250.778,13.184,-12.207,-21.973,13.184,0.000
1676160250.782,10.254,-20.020,-29.785,-2.930,0.000
1676160250.786,-20.020,-20.996,-35.645,-43.945,0.000
1676160250.790,-28.320,-9.277,-28.809,-42.480,0.000
1676160250.794,3.418,-6.348,-34.668,-4.883,0.000
1676160250.798,19.531,-10.742,-38.574,3.906,0.000
1676160250.802,-2.441,-11.230,-31.250,-22.461,0.000
1676160250.806,-27.344,-11.719,-35.645,-37.109,0.000
1676160250.809,-9.766,-12.207,-38.086,-9.277,0.000
1676160250.813,12.207,-12.695,-32.715,9.766,0.000
1676160250.817,-4.883,-9.766,-27.344,-22.461,0.000
1676160250.821,-28.320,-10.254,-21.973,-45.898,0.000
1676160250.825,-26.855,-20.020,-27.344,-33.691,0.000
1676160250.829,-7.812,-19.531,-28.809,-5.371,0.000
1676160250.833,-3.418,-21.973,-31.250,-8.789,0.000
1676160250.837,-26.855,-30.762,-30.762,-42.969,0.000
1676160250.841,-33.691,-26.855,-31.738,-41.504,0.000
1676160250.845,-8.789,-18.066,-32.715,-4.395,0.000
1676160250.849,7.324,-20.020,-27.344,0.000,0.000
1676160250.852,-9.766,-18.555,-24.902,-31.738,0.000
1676160250.856,-28.320,-12.695,-25.879,-39.062,0.000
1676160250.860,-15.137,-13.672,-27.832,-11.230,0.000
1676160250.864,13.184,-10.254,-25.879,10.742,0.000
1676160250.868,9.277,-11.230,-16.113,-4.395,0.000
1676160250.872,-26.855,-19.531,-20.508,-44.922,0.000
1676160250.876,-18.066,-18.066,-28.809,-36.133,0.000
1676160250.880,11.230,-14.160,-27.832,3.906,0.000
1676160250.884,-2.930,-17.090,-28.320,-11.230,0.000
1676160250.888,-30.762,-15.137,-32.227,-49.805,0.000
1676160250.892,-16.113,-16.113,-39.062,-31.738,0.000
1676160250.895,6.836,-25.879,-43.945,2.930,0.000
1676160250.899,4.395,-22.949,-36.133,1.465,0.000
1676160250.903,-13.184,-20.996,-26.855,-33.203,0.000
1676160250.907,-26.367,-23.926,-28.320,-46.387,0.000
1676160250.911,2.441,-20.508,-32.715,-2.441,0.000
1676160250.915,16.602,-21.484,-33.691,13.184,0.000
1676160250.919,-17.578,-22.461,-29.297,-28.809,0.000
1676160250.923,-33.691,-27.832,-32.715,-35.156,0.000
1676160250.927,-13.184,-29.297,-44.434,-7.324,0.000
1676160250.931,6.348,-22.949,-42.480,6.836,0.000
1676160250.934,-12.695,-19.531,-29.785,-17.578,0.000
1676160250.938,-33.691,-21.484,-25.391,-46.387,0.000
1676160250.942,-16.113,-22.949,-34.180,-20.996,0.000
1676160250.946,1.465,-26.367,-34.668,11.719,0.000
1676160250.950,-8.301,-29.785,-33.203,-6.348,0.000
1676160250.954,-20.996,-25.391,-32.715,-36.133,0.000
1676160250.958,-10.742,-23.926,-24.414,-15.137,0.000
1676160250.962,-1.953,-31.250,-31.738,11.719,0.000
1676160250.966,-0.977,-30.762,-39.551,0.977,0.000
1676160250.970,-18.066,-16.602,-24.414,-28.320,0.000
1676160250.974,-36.621,-21.973,-14.160,-31.738,0.000
1676160250.977,-7.324,-27.344,-20.020,2.930,0.000
1676160250.981,16.602,-15.625,-22.949,18.555,0.000
1676160250.985,-8.301,-15.137,-21.973,-2.441,0.000
1676160250.989,-40.039,-19.531,-36.133,-27.832,0.000
1676160250.993,-22.461,-19.043,-41.992,-5.859,0.000
1676160250.997,11.719,-16.602,-33.691,21.484,0.000
1676160251.001,0.000,-16.113,-27.344,5.371,0.000
1676160251.005,-20.996,-15.625,-23.926,-19.043,0.000
1676160251.009,-14.160,-19.531,-36.621,-14.160,0.000
1676160251.013,6.348,-23.438,-42.969,5.859,0.000
1676160251.016,3.906,-20.996,-37.109,1.953,0.000
1676160251.020,-20.508,-17.090,-38.574,-29.785,0.000
1676160251.024,-21.484,-16.602,-38.086,-27.344,0.000
1676160251.028,2.930,-20.996,-44.434,7.812,0.000
1676160251.032,12.695,-20.996,-39.551,12.207,0.000
1676160251.036,-15.625,-19.531,-37.109,-27.832,0.000
1676160251.040,-37.109,-22.461,-44.434,-47.852,0.000
1676160251.044,-13.184,-24.414,-38.086,-6.348,0.000
1676160251.048,12.695,-26.367,-36.133,20.996,0.000
1676160251.052,-15.625,-24.902,-42.480,-22.949,0.000
1676160251.056,-43.457,-20.996,-42.969,-50.293,0.000
1676160251.059,-17.578,-18.066,-34.180,-17.090,0.000
1676160251.063,7.812,-23.926,-30.762,7.812,0.000
1676160251.067,-0.977,-26.367,-31.738,-6.836,0.000
1676160251.071,-21.484,-18.066,-34.668,-36.621,0.000
1676160251.075,-12.695,-12.207,-35.156,-14.648,0.000
1676160251.079,10.254,-16.113,-30.762,15.137,0.000
1676160251.083,6.348,-24.902,-33.691,-1.953,0.000
1676160251.087,-23.438,-27.344,-42.969,-34.668,0.000
1676160251.091,-23.438,-25.879,-41.016,-30.762,0.000
1676160251.095,2.930,-19.043,-27.832,10.254,0.000
1676160251.099,0.000,-19.043,-27.344,6.348,0.000
1676160251.102,-21.484,-17.090,-25.879,-38.086,0.000
1676160251.106,-29.785,-14.160,-24.414,-41.504,0.000
1676160251.110,-10.254,-20.996,-28.809,-6.348,0.000
1676160251.114,1.953,-24.414,-30.273,5.371,0.000
1676160251.118,-14.160,-18.066,-35.645,-29.297,0.000
1676160251.122,-34.180,-20.508,-40.527,-54.688,0.000
1676160251.126,-16.602,-25.391,-39.062,-23.926,0.000
1676160251.130,9.277,-16.113,-37.109,3.418,0.000
1676160251.134,-0.488,-18.066,-39.062,-12.207,0.000
1676160251.138,-12.695,-16.602,-30.762,-30.762,0.000
1676160251.141,-10.742,-12.207,-28.809,-20.020,0.000
1676160251.145,2.930,-15.625,-29.785,6.836,0.000
1676160251.149,6.348,-13.672,-20.996,15.137,0.000
1676160251.153,-14.648,-12.695,-18.555,-6.348,0.000
1676160251.157,-26.367,-23.438,-24.902,-30.762,0.000
1676160251.161,-7.812,-27.344,-24.902,-3.418,0.000
1676160251.165,12.207,-18.555,-30.273,11.719,0.000
1676160251.169,-0.488,-9.766,-32.715,-21.973,0.000
1676160251.173,-24.902,-14.160,-30.273,-38.086,0.000
1676160251.177,-0.488,-12.207,-25.879,1.465,0.000
1676160251.181,25.391,-18.555,-24.414,24.902,0.000
1676160251.184,-1.953,-24.902,-25.391,-9.277,0.000
1676160251.188,-30.762,-17.578,-33.691,-37.598,0.000
1676160251.192,-18.066,-16.602,-34.668,-17.578,0.000
1676160251.196,11.230,-15.137,-21.973,16.113,0.000
1676160251.200,2.930,-13.672,-27.832,-4.883,0.000
1676160251.204,-32.227,-16.602,-32.227,-49.805,0.000
1676160251.208,-33.691,-26.367,-30.273,-36.621,0.000
1676160251.212,-1.465,-26.855,-28.809,-0.488,0.000
1676160251.216,-2.441,-19.531,-23.926,-3.418,0.000
1676160251.220,-31.738,-16.113,-30.273,-41.992,0.000
1676160251.224,-30.762,-17.090,-36.133,-46.875,0.000
1676160251.227,-2.441,-21.484,-33.203,-3.906,0.000
1676160251.231,5.371,-21.484,-30.273,6.348,0.000
1676160251.235,-21.484,-24.902,-35.645,-34.668,0.000
1676160251.239,-31.738,-26.855,-38.086,-48.828,0.000
1676160251.243,-0.488,-16.113,-32.227,2.441,0.000
1676160251.247,10.742,-13.672,-40.039,7.324,0.000
1676160251.251,-6.836,-13.184,-37.598,-33.203,0.000
1676160251.255,-26.367,-14.648,-29.297,-49.316,0.000
1676160251.259,-20.996,-20.020,-30.762,-24.902,0.000
1676160251.263,-0.488,-25.879,-39.551,0.488,0.000
1676160251.267,-2.441,-27.344,-45.410,-16.602,0.000
1676160251.270,-22.949,-18.066,-35.645,-43.945,0.000
1676160251.274,-20.508,-13.672,-41.016,-31.250,0.000
1676160251.278,9.766,-16.602,-48.340,12.695,0.000
1676160251.282,13.672,-19.531,-44.922,20.020,0.000
1676160251.286,-14.648,-25.391,-36.621,-13.672,0.000
1676160251.290,-29.297,-30.762,-33.691,-27.832,0.000
1676160251.294,-12.207,-32.227,-35.645,-4.883,0.000
1676160251.298,9.766,-22.949,-24.414,23.926,0.000
1676160251.302,-3.418,-16.113,-22.949,-10.742,0.000
1676160251.306,-32.227,-19.531,-36.621,-57.617,0.000
1676160251.309,-19.531,-20.020,-35.645,-26.367,0.000
1676160251.313,12.207,-15.625,-30.762,12.207,0.000
1676160251.317,8.301,-12.207,-31.250,-3.906,0.000
1676160251.321,-28.320,-15.625,-25.879,-41.992,0.000
1676160251.325,-20.508,-19.531,-23.438,-27.832,0.000
1676160251.329,14.160,-16.602,-28.809,14.160,0.000
1676160251.333,14.160,-14.648,-24.902,13.672,0.000
1676160251.337,-21.484,-24.902,-29.297,-34.668,0.000
1676160251.341,-34.668,-26.367,-40.527,-43.457,0.000
1676160251.345,-8.789,-20.996,-40.527,0.977,0.000
1676160251.349,0.000,-19.043,-32.715,7.324,0.000
1676160251.352,-23.926,-19.531,-31.738,-39.062,0.000
1676160251.356,-37.109,-20.996,-37.109,-47.363,0.000
1676160251.360,-15.137,-25.879,-34.180,-8.789,0.000
1676160251.364,2.441,-18.555,-32.715,3.906,0.000
1676160251.368,-13.184,-15.137,-41.016,-27.344,0.000
1676160251.372,-28.320,-20.020,-36.133,-57.129,0.000
1676160251.376,-4.883,-20.508,-36.133,-29.785,0.000
1676160251.380,11.230,-22.949,-44.434,6.348,0.000
1676160251.384,-5.371,-21.484,-42.969,-21.484,0.000
1676160251.388,-24.414,-19.043,-38.574,-48.828,0.000
1676160251.391,-13.672,-22.461,-30.273,-19.531,0.000
1676160251.395,2.441,-23.438,-32.715,16.113,0.000
1676160251.399,5.371,-14.648,-40.039,1.465,0.000
1676160251.403,-18.555,-20.996,-34.180,-38.086,0.000
1676160251.407,-33.691,-28.809,-29.785,-33.691,0.000
1676160251.411,-11.719,-27.344,-37.109,0.000,0.000
1676160251.415,-6.348,-28.809,-37.598,11.230,0.000
1676160251.419,-32.715,-33.203,-34.668,-16.113,0.000
1676160251.423,-44.434,-36.621,-31.738,-38.574,0.000
1676160251.427,-24.414,-24.902,-32.227,-16.602,0.000
1676160251.431,-3.418,-21.484,-43.945,3.906,0.000
1676160251.434,-14.648,-29.785,-47.852,-25.879,0.000
1676160251.438,-28.809,-23.926,-34.668,-41.992,0.000
1676160251.442,-13.672,-17.090,-35.156,-20.996,0.000
1676160251.446,1.953,-23.926,-38.086,9.277,0.000
1676160251.450,0.000,-30.762,-32.715,-0.977,0.000
1676160251.454,-25.391,-33.691,-41.016,-42.969,0.000
1676160251.458,-29.785,-32.715,-43.945,-42.480,0.000
1676160251.462,-2.441,-33.203,-37.598,-0.488,0.000
1676160251.466,1.953,-32.227,-32.715,3.906,0.000
1676160251.470,-26.855,-23.438,-33.203,-34.180,0.000
1676160251.474,-32.715,-20.996,-38.574,-41.992,0.000
1676160251.477,-9.766,-23.438,-38.574,-13.184,0.000
1676160251.481,10.742,-20.020,-31.250,12.207,0.000
1676160251.485,-7.812,-20.508,-30.762,-21.973,0.000
1676160251.489,-25.391,-17.578,-36.133,-51.758,0.000
1676160251.493,-0.488,-9.277,-30.273,-8.301,0.000
1676160251.497,23.926,-8.789,-33.203,16.113,0.000
1676160251.501,4.395,-16.602,-39.551,-23.438,0.000
1676160251.505,-20.020,-22.949,-27.832,-53.223,0.000
1676160251.509,-8.301,-20.996,-30.273,-24.414,0.000
1676160251.513,14.160,-18.066,-33.203,13.672,0.000
1676160251.516,5.859,-11.230,-20.996,1.465,0.000
1676160251.520,-30.762,-9.766,-20.996,-33.691,0.000
1676160251.524,-27.832,-11.230,-26.855,-24.902,0.000
1676160251.528,-2.441,-10.254,-24.414,15.625,0.000
1676160251.532,-4.883,-17.090,-31.738,-0.488,0.000
1676160251.536,-25.879,-20.508,-37.598,-47.363,0.000
1676160251.540,-31.738,-16.602,-29.785,-45.898,0.000
1676160251.544,-9.277,-14.160,-31.738,-14.160,0.000
1676160251.548,7.324,-12.695,-38.574,-1.465,0.000
1676160251.552,-16.602,-18.066,-38.086,-28.809,0.000
1676160251.556,-32.227,-26.367,-29.297,-52.734,0.000
1676160251.559,-5.859,-24.902,-27.832,-20.996,0.000
1676160251.563,12.207,-17.578,-32.715,11.719,0.000
1676160251.567,-0.977,-18.555,-35.645,-17.578,0.000
1676160251.571,-17.578,-17.090,-30.273,-38.574,0.000
1676160251.575,-12.695,-14.160,-32.227,-7.812,0.000
1676160251.579,4.395,-18.555,-35.156,13.672,0.000
1676160251.583,6.348,-15.137,-28.320,4.883,0.000
1676160251.587,-21.973,-10.254,-23.926,-28.320,0.000
1676160251.591,-26.367,-10.254,-23.926,-41.016,0.000
1676160251.595,-2.930,-10.254,-21.484,-8.301,0.000
1676160251.599,5.371,-14.160,-24.414,6.836,0.000
1676160251.602,-11.719,-17.578,-25.879,-24.902,0.000
1676160251.606,-23.926,-18.555,-25.391,-43.945,0.000
1676160251.610,-7.812,-19.531,-28.320,-10.742,0.000
1676160251.614,13.672,-18.555,-28.809,16.602,0.000
1676160251.618,6.836,-21.973,-27.344,-2.441,0.000
1676160251.622,-26.855,-16.602,-29.785,-46.875,0.000
1676160251.626,-18.066,-17.090,-37.598,-28.320,0.000
1676160251.630,12.695,-22.949,-45.410,7.812,0.000
1676160251.634,7.812,-16.113,-41.016,-14.648,0.000
1676160251.638,-19.531,-13.184,-34.668,-59.082,0.000
1676160251.641,-7.324,-15.625,-27.344,-36.133,0.000
1676160251.645,25.879,-8.301,-22.461,20.996,0.000
1676160251.649,24.414,-8.789,-28.809,11.230,0.000
1676160251.653,-2.441,-16.113,-21.973,-26.855,0.000
1676160251.657,-11.230,-15.137,-22.949,-36.133,0.000
1676160251.661,10.742,-14.648,-30.273,-3.418,0.000
1676160251.665,17.578,-18.555,-33.691,4.883,0.000
1676160251.669,-15.137,-25.391,-39.551,-49.316,0.000
1676160251.673,-18.555,-23.926,-37.598,-47.363,0.000
1676160251.677,11.230,-20.508,-32.227,2.930,0.000
1676160251.681,22.949,-18.066,-29.297,20.996,0.000
1676160251.684,-0.488,-9.766,-35.645,-7.812,0.000
1676160251.688,-25.391,-7.812,-34.668,-28.320,0.000
1676160251.692,-17.578,-14.160,-30.762,-7.324,0.000
1676160251.696,6.348,-16.113,-26.367,14.648,0.000
1676160251.700,11.719,-15.137,-17.090,3.418,0.000
1676160251.704,-16.602,-20.020,-17.090,-30.762,0.000
1676160251.708,-21.484,-16.113,-23.926,-14.160,0.000
1676160251.712,-1.953,-14.160,-23.438,7.812,0.000
1676160251.716,4.395,-24.902,-19.531,0.000,0.000
1676160251.720,-16.602,-24.414,-24.414,-34.668,0.000
1676160251.724,-35.156,-18.555,-29.297,-43.945,0.000
1676160251.727,-8.789,-18.555,-27.832,-5.859,0.000
1676160251.731,15.137,-25.879,-30.273,11.719,0.000
1676160251.735,-6.836,-21.484,-30.762,-14.160,0.000
1676160251.739,-24.902,-20.020,-30.762,-39.551,0.000
1676160251.743,-1.465,-27.832,-27.344,-13.672,0.000
1676160251.747,23.926,-25.391,-27.832,25.391,0.000
1676160251.751,2.930,-20.020,-33.691,16.602,0.000
1676160251.755,-23.438,-17.090,-31.738,-15.137,0.000
1676160251.759,-19.043,-15.137,-33.203,-10.254,0.000
1676160251.763,4.395,-18.555,-33.691,24.414,0.000
1676160251.766,13.184,-18.066,-29.785,20.508,0.000
1676160251.770,-14.160,-16.113,-30.762,-16.113,0.000
1676160251.774,-20.508,-11.230,-27.832,-14.160,0.000
1676160251.778,10.254,-9.766,-23.926,27.344,0.000
1676160251.782,18.555,-17.578,-24.902,30.762,0.000
1676160251.786,-7.812,-15.137,-28.320,-13.184,0.000
1676160251.790,-19.043,-14.160,-30.273,-21.484,0.000
1676160251.794,6.348,-16.602,-25.879,28.320,0.000
1676160251.798,26.367,-18.555,-20.996,55.176,0.000
1676160251.802,3.418,-18.066,-20.996,8.789,0.000
1676160251.806,-23.438,-16.113,-25.391,-29.297,0.000
1676160251.809,-4.883,-16.602,-27.832,-2.441,0.000
1676160251.813,18.555,-15.625,-25.391,25.391,0.000
1676160251.817,-3.418,-13.184,-28.809,-2.930,0.000
1676160251.821,-28.320,-12.207,-31.738,-28.809,0.000
1676160251.825,-10.742,-16.602,-29.785,-5.859,0.000
1676160251.829,15.137,-13.184,-26.855,19.531,0.000
1676160251.833,13.184,-11.719,-30.762,6.348,0.000
1676160251.837,-16.113,-15.625,-34.180,-26.855,0.000
1676160251.841,-15.625,-18.555,-24.902,-23.438,0.000
1676160251.845,10.254,-20.508,-24.414,9.277,0.000
1676160251.848,15.137,-20.020,-36.133,6.836,0.000
1676160251.852,-22.949,-24.902,-36.621,-32.715,0.000
1676160251.856,-34.668,-20.508,-29.297,-41.016,0.000
1676160251.860,-0.977,-14.648,-33.203,-6.836,0.000
1676160251.864,7.324,-17.090,-31.250,6.348,0.000
1676160251.868,-2.441,-16.602,-24.902,-16.113,0.000
1676160251.872,-14.648,-11.230,-28.320,-27.344,0.000
1676160251.876,-9.277,-8.789,-30.762,-3.418,0.000
1676160251.880,16.602,-12.207,-25.391,18.555,0.000
1676160251.884,13.184,-11.230,-23.438,8.789,0.000
1676160251.888,-14.160,-12.695,-21.973,-13.672,0.000
1676160251.891,-17.090,-16.113,-25.879,-9.766,0.000
1676160251.895,7.324,-14.160,-35.156,19.043,0.000
1676160251.899,20.996,-17.578,-28.809,30.762,0.000
1676160251.903,-5.371,-18.555,-19.043,-0.977,0.000
1676160251.907,-22.949,-14.648,-27.832,-32.715,0.000
1676160251.911,-3.418,-15.625,-30.273,4.395,0.000
1676160251.915,12.695,-20.996,-30.273,17.578,0.000
1676160251.919,-1.465,-20.508,-36.133,-24.414,0.000
1676160251.923,-16.113,-16.113,-31.738,-32.715,0.000
1676160251.927,1.953,-17.090,-24.902,-4.883,0.000
1676160251.931,27.344,-14.648,-22.949,20.020,0.000
1676160251.934,10.254,-10.254,-20.996,-5.371,0.000
1676160251.938,-30.762,-20.508,-28.809,-45.898,0.000
1676160251.942,-22.949,-23.926,-34.180,-24.414,0.000
1676160251.946,14.648,-17.578,-28.809,18.555,0.000
1676160251.950,7.324,-21.484,-27.344,9.766,0.000
1676160251.954,-30.762,-26.855,-29.297,-26.367,0.000
1676160251.958,-20.996,-20.508,-37.109,-20.508,0.000
1676160251.962,8.789,-13.672,-31.738,20.020,0.000
1676160251.966,10.254,-17.090,-24.414,23.438,0.000
1676160251.970,-12.207,-19.531,-28.320,-15.137,0.000
1676160251.974,-22.949,-21.484,-30.273,-17.578,0.000
1676160251.977,1.465,-16.602,-30.273,27.344,0.000
1676160251.981,21.484,-9.766,-32.715,35.156,0.000
1676160251.985,-8.301,-15.625,-40.527,-21.973,0.000
1676160251.989,-25.391,-22.461,-43.457,-40.039,0.000
1676160251.993,6.836,-22.949,-27.832,15.625,0.000
1676160251.997,16.602,-21.484,-28.809,18.555,0.000
1676160252.001,-0.488,-24.414,-34.180,-20.020,0.000
1676160252.005,-20.020,-17.090,-31.250,-42.969,0.000
1676160252.009,-11.719,-19.531,-39.062,-28.809,0.000
1676160252.013,14.160,-17.578,-43.457,7.812,0.000
1676160252.016,10.254,-7.812,-37.598,0.488,0.000
1676160252.020,-17.090,-7.812,-30.762,-28.809,0.000
1676160252.024,-23.438,-10.254,-27.832,-17.578,0.000
1676160252.028,8.789,-12.695,-22.461,25.391,0.000
1676160252.032,19.531,-13.672,-25.879,29.785,0.000
1676160252.036,-3.418,-14.648,-29.785,-9.277,0.000
1676160252.040,-20.996,-15.137,-30.273,-24.414,0.000
1676160252.044,-5.859,-15.137,-34.180,-6.348,0.000
1676160252.048,20.508,-11.719,-25.879,9.766,0.000
1676160252.052,-6.836,-15.137,-33.691,-16.113,0.000
1676160252.056,-29.785,-14.160,-42.969,-37.598,0.000
1676160252.059,-13.184,-7.812,-36.133,-4.883,0.000
1676160252.063,4.395,-9.766,-30.273,20.020,0.000
1676160252.067,2.930,-13.184,-23.926,4.883,0.000
1676160252.071,-23.438,-17.578,-29.297,-37.598,0.000
1676160252.075,-20.020,-20.996,-34.180,-36.133,0.000
1676160252.079,9.277,-20.508,-31.738,16.113,0.000
1676160252.083,8.789,-15.137,-29.785,16.602,0.000
1676160252.087,-23.438,-16.113,-35.156,-39.062,0.000
1676160252.091,-33.691,-20.508,-33.203,-47.852,0.000
1676160252.095,-6.836,-22.461,-31.738,-8.789,0.000
1676160252.098,6.836,-16.602,-31.250,-4.395,0.000
1676160252.102,-15.137,-18.555,-30.762,-42.480,0.000
1676160252.106,-33.691,-26.855,-41.504,-55.176,0.000
1676160252.110,-8.301,-20.020,-38.574,-9.766,0.000
1676160252.114,3.906,-24.414,-38.086,8.301,0.000
1676160252.118,-22.949,-37.109,-46.875,-26.855,0.000
1676160252.122,-39.551,-32.227,-39.062,-45.410,0.000
1676160252.126,-24.414,-20.508,-28.320,-20.508,0.000
1676160252.130,4.883,-20.020,-28.809,11.230,0.000
1676160252.134,-5.371,-24.414,-34.668,-17.090,0.000
1676160252.138,-26.855,-24.902,-32.227,-53.711,0.000
1676160252.141,-5.371,-25.391,-24.902,-26.367,0.000
1676160252.145,17.090,-23.438,-21.973,5.859,0.000
1676160252.149,13.184,-21.484,-25.879,-1.465,0.000
1676160252.153,-4.395,-20.508,-32.227,-33.691,0.000
1676160252.157,-18.066,-19.043,-33.203,-40.527,0.000
1676160252.161,3.418,-16.602,-32.227,-11.230,0.000
1676160252.165,10.742,-24.902,-38.086,-3.906,0.000
1676160252.169,-14.648,-22.461,-42.969,-33.691,0.000
1676160252.173,-21.484,-16.602,-35.156,-35.156,0.000
1676160252.177,-15.625,-25.391,-42.969,-10.742,0.000
1676160252.181,0.000,-24.902,-48.340,2.441,0.000
1676160252.184,-5.859,-30.762,-41.992,-11.230,0.000
1676160252.188,-41.504,-35.645,-51.758,-45.898,0.000
1676160252.192,-36.621,-27.344,-47.852,-27.832,0.000
1676160252.196,-0.977,-23.438,-37.598,7.324,0.000
1676160252.200,1.953,-28.320,-39.551,-1.953,0.000
1676160252.204,-27.344,-28.320,-37.598,-38.086,0.000
1676160252.208,-32.715,-17.578,-36.133,-33.691,0.000
1676160252.212,-3.906,-18.555,-39.551,3.906,0.000
1676160252.216,11.719,-21.484,-39.062,5.859,0.000
1676160252.220,-10.254,-19.531,-35.156,-30.762,0.000
1676160252.223,-26.367,-21.973,-36.133,-44.922,0.000
1676160252.227,-1.953,-17.578,-37.598,-1.953,0.000
1676160252.231,27.344,-12.207,-33.203,19.043,0.000
1676160252.235,5.371,-7.812,-28.320,-15.137,0.000
1676160252.239,-17.578,-1.465,-35.645,-38.086,0.000
1676160252.243,-2.930,-6.836,-33.691,0.000,0.000
1676160252.247,7.812,-14.160,-32.227,22.949,0.000
1676160252.251,-1.953,-12.695,-32.227,-6.348,0.000
1676160252.255,-25.879,-17.090,-24.902,-30.762,0.000
1676160252.259,-23.926,-33.203,-25.879,-11.719,0.000
1676160252.263,-2.930,-33.203,-29.297,20.508,0.000
1676160252.266,-0.977,-16.602,-25.879,2.930,0.000
1676160252.270,-21.973,-4.395,-24.414,-38.574,0.000
1676160252.274,-20.996,-7.812,-26.367,-33.691,0.000
1676160252.278,6.836,-10.742,-22.949,3.418,0.000
1676160252.282,4.395,-5.859,-20.996,-1.465,0.000
1676160252.286,-14.160,-9.766,-22.461,-27.344,0.000
1676160252.290,-24.902,-13.672,-35.156,-40.039,0.000
1676160252.294,-0.488,-6.836,-36.621,-6.348,0.000
1676160252.298,13.184,-4.395,-30.273,5.859,0.000
1676160252.302,-20.020,-7.812,-22.949,-29.297,0.000
1676160252.306,-42.969,-17.090,-26.367,-48.340,0.000
1676160252.309,-30.273,-25.391,-42.480,-29.297,0.000
1676160252.313,-0.488,-20.508,-36.133,-1.953,0.000
1676160252.317,-6.348,-11.230,-21.973,-17.090,0.000
1676160252.321,-29.297,-5.371,-20.508,-41.016,0.000
1676160252.325,-28.809,-11.719,-29.785,-28.809,0.000
1676160252.329,-14.160,-14.160,-33.691,-7.812,0.000
1676160252.333,-5.371,-11.719,-25.879,-7.324,0.000
1676160252.337,-19.531,-10.742,-27.344,-37.598,0.000
1676160252.341,-32.227,-14.160,-34.180,-50.293,0.000
1676160252.345,-15.137,-24.414,-44.434,-14.648,0.000
1676160252.348,-2.441,-28.809,-45.898,-1.953,0.000
1676160252.352,-24.414,-22.461,-40.039,-46.387,0.000
1676160252.356,-32.227,-23.438,-37.109,-53.223,0.000
1676160252.360,-9.277,-30.273,-38.574,-12.695,0.000
1676160252.364,6.836,-22.949,-36.133,7.812,0.000
1676160252.368,-9.277,-18.066,-28.809,-2.930,0.000
1676160252.372,-51.270,-24.902,-40.039,-45.898,0.000
1676160252.376,-35.156,-19.043,-45.410,-33.203,0.000
1676160252.380,0.000,-12.207,-39.062,4.395,0.000
1676160252.384,-15.625,-17.578,-45.898,-24.902,0.000
1676160252.388,-39.062,-20.508,-50.781,-53.711,0.000
1676160252.391,-30.273,-18.066,-47.852,-35.645,0.000
1676160252.395,6.348,-11.719,-39.062,1.465,0.000
1676160252.399,7.812,-13.184,-34.668,0.977,0.000
1676160252.403,-30.762,-20.508,-40.527,-41.016,0.000
1676160252.407,-32.715,-20.508,-37.598,-45.410,0.000
1676160252.411,7.812,-12.695,-29.785,0.488,0.000
1676160252.415,9.766,-17.090,-41.016,4.395,0.000
1676160252.419,-32.227,-20.508,-51.758,-46.875,0.000
1676160252.423,-34.668,-16.602,-33.691,-57.129,0.000
1676160252.427,-6.836,-13.672,-27.832,-17.578,0.000
1676160252.431,9.766,-14.648,-37.598,-6.348,0.000
1676160252.434,-2.441,-19.043,-35.645,-28.320,0.000
1676160252.438,-25.879,-16.113,-36.621,-37.109,0.000
1676160252.442,-12.207,-12.207,-43.945,-10.742,0.000
1676160252.446,6.348,-13.672,-40.527,11.719,0.000
1676160252.450,-11.719,-18.555,-40.039,-14.648,0.000
1676160252.454,-36.621,-20.020,-36.133,-45.898,0.000
1676160252.458,-26.367,-24.902,-32.227,-18.555,0.000
1676160252.462,-11.230,-33.203,-40.527,0.488,0.000
1676160252.466,-13.184,-33.691,-44.434,-9.277,0.000
1676160252.470,-26.367,-23.926,-41.016,-42.480,0.000
1676160252.473,-35.645,-19.531,-36.621,-55.664,0.000
1676160252.477,-20.996,-27.344,-43.945,-21.484,0.000
1676160252.481,-5.859,-24.414,-42.480,-0.488,0.000
1676160252.485,-16.113,-14.648,-33.691,-21.484,0.000
1676160252.489,-33.203,-14.648,-38.086,-41.992,0.000
1676160252.493,-16.602,-21.973,-41.016,-16.602,0.000
1676160252.497,3.418,-18.555,-43.457,8.789,0.000
1676160252.501,-12.207,-15.625,-45.410,-10.254,0.000
1676160252.505,-37.109,-25.879,-44.922,-44.434,0.000
1676160252.509,-25.879,-28.320,-46.387,-39.062,0.000
1676160252.513,-5.859,-26.367,-50.781,-5.859,0.000
1676160252.516,-18.555,-25.391,-47.852,-16.602,0.000
1676160252.520,-41.992,-24.902,-38.086,-51.758,0.000
1676160252.524,-39.551,-26.855,-41.992,-43.457,0.000
1676160252.528,-13.672,-28.809,-44.434,-0.488,0.000
1676160252.532,-4.395,-28.809,-39.551,6.836,0.000
1676160252.536,-34.668,-27.344,-41.016,-33.691,0.000
1676160252.540,-46.875,-28.809,-43.945,-40.039,0.000
1676160252.544,-15.625,-25.391,-39.062,6.348,0.000
1676160252.548,9.766,-17.090,-29.785,36.621,0.000
1676160252.552,-6.348,-12.207,-26.855,-0.977,0.000
1676160252.555,-31.738,-17.578,-37.109,-34.180,0.000
1676160252.559,-19.043,-12.695,-45.410,-5.859,0.000
1676160252.563,-0.977,-10.254,-42.969,18.555,0.000
1676160252.567,-10.254,-12.207,-33.203,-0.488,0.000
1676160252.571,-27.344,-12.695,-25.391,-32.715,0.000
1676160252.575,-18.555,-13.672,-24.414,-20.996,0.000
1676160252.579,8.301,-5.859,-26.855,10.254,0.000
1676160252.583,3.906,-8.789,-35.645,-0.977,0.000
1676160252.587,-31.738,-21.484,-41.992,-38.574,0.000
1676160252.591,-24.902,-21.973,-37.598,-27.344,0.000
1676160252.595,4.883,-20.508,-33.691,12.207,0.000
1676160252.598,9.277,-19.043,-38.574,11.719,0.000
1676160252.602,-6.836,-11.719,-38.086,-27.832,0.000
1676160252.606,-21.973,-14.160,-34.668,-34.180,0.000
1676160252.610,-1.953,-19.531,-35.645,11.719,0.000
1676160252.614,17.578,-19.531,-32.715,19.043,0.000
1676160252.618,-6.348,-18.555,-36.133,-20.996,0.000
1676160252.622,-21.973,-18.066,-36.621,-37.109,0.000
1676160252.626,-3.418,-20.020,-30.762,-17.090,0.000
1676160252.630,16.113,-20.508,-36.621,0.488,0.000
1676160252.634,4.883,-14.160,-40.039,-12.207,0.000
1676160252.638,-20.020,-11.719,-31.250,-43.457,0.000
1676160252.641,-18.555,-17.090,-33.691,-40.039,0.000
1676160252.645,1.465,-20.996,-44.434,-17.578,0.000
1676160252.649,10.742,-13.672,-31.250,-4.883,0.000
1676160252.653,-8.301,-10.254,-22.949,-18.555,0.000
1676160252.657,-25.391,-18.555,-40.039,-35.156,0.000
1676160252.661,-4.395,-26.367,-41.992,-4.883,0.000
1676160252.665,11.719,-25.391,-35.645,2.930,0.000
1676160252.669,-4.883,-18.066,-37.598,-34.180,0.000
1676160252.673,-22.461,-14.648,-40.527,-43.945,0.000
1676160252.677,-2.930,-5.859,-41.504,-4.395,0.000
1676160252.680,30.762,-3.418,-40.527,22.461,0.000
1676160252.684,9.766,-17.578,-32.715,-13.184,0.000
1676160252.688,-27.344,-21.484,-34.668,-48.828,0.000
1676160252.692,-22.949,-19.531,-47.852,-33.691,0.000
1676160252.696,2.441,-18.555,-46.875,2.441,0.000
1676160252.700,-1.953,-25.391,-40.527,-6.348,0.000
1676160252.704,-33.691,-28.809,-39.551,-49.316,0.000
1676160252.708,-29.297,-22.949,-38.086,-35.645,0.000
1676160252.712,-9.277,-21.484,-35.645,-5.859,0.000
1676160252.716,-15.625,-24.414,-41.504,-12.207,0.000
1676160252.720,-39.062,-29.297,-41.992,-42.480,0.000
1676160252.723,-35.156,-24.414,-40.527,-42.969,0.000
1676160252.727,-1.465,-19.043,-41.992,4.883,0.000
1676160252.731,15.625,-23.438,-41.016,15.137,0.000
1676160252.735,-7.324,-20.508,-37.598,-25.879,0.000
1676160252.739,-18.066,-14.648,-26.367,-26.855,0.000
1676160252.743,11.230,-14.648,-17.578,27.344,0.000
1676160252.747,18.555,-14.648,-30.273,32.227,0.000
1676160252.751,-2.441,-12.695,-37.109,-13.184,0.000
1676160252.755,-28.809,-16.113,-37.109,-37.109,0.000
1676160252.759,-23.438,-17.578,-41.016,-13.184,0.000
1676160252.763,-0.488,-13.672,-35.156,11.230,0.000
1676160252.766,-5.371,-10.254,-33.203,-4.883,0.000
1676160252.770,-28.320,-9.766,-38.574,-40.039,0.000
1676160252.774,-27.832,-11.230,-34.668,-34.668,0.000
1676160252.778,1.953,-10.742,-31.250,12.695,0.000
1676160252.782,2.441,-12.695,-31.250,9.766,0.000
1676160252.786,-22.461,-13.672,-30.762,-32.715,0.000
1676160252.790,-38.574,-21.973,-35.156,-39.551,0.000
1676160252.794,-24.414,-25.879,-36.621,-15.625,0.000
1676160252.798,6.836,-18.555,-29.785,-0.977,0.000
1676160252.802,0.000,-13.184,-34.668,-20.996,0.000
1676160252.805,-27.832,-12.695,-44.434,-46.387,0.000
1676160252.809,-14.648,-15.137,-37.109,-22.949,0.000
1676160252.813,13.672,-15.137,-27.344,8.789,0.000
1676160252.817,5.859,-15.137,-27.832,-9.766,0.000
1676160252.821,-20.508,-11.719,-29.785,-40.527,0.000
1676160252.825,-18.066,-19.531,-32.715,-27.344,0.000
1676160252.829,6.836,-25.391,-28.320,11.230,0.000
1676160252.833,12.207,-19.531,-18.555,22.949,0.000
1676160252.837,-22.949,-16.602,-27.344,-21.484,0.000
1676160252.841,-40.527,-22.949,-35.156,-38.574,0.000
1676160252.845,-22.461,-29.297,-33.691,-1.953,0.000
1676160252.848,-21.484,-28.809,-38.574,-0.488,0.000
1676160252.852,-42.969,-23.438,-40.527,-36.133,0.000
1676160252.856,-47.852,-20.996,-34.668,-46.387,0.000
1676160252.860,-27.344,-24.902,-34.668,-17.090,0.000
1676160252.864,-8.301,-29.785,-36.133,2.441,0.000
1676160252.868,-18.555,-25.879,-38.086,-20.508,0.000
1676160252.872,-35.156,-26.367,-37.598,-43.945,0.000
1676160252.876,-15.625,-30.762,-28.320,-12.695,0.000
1676160252.880,13.184,-24.414,-30.762,23.926,0.000
1676160252.884,1.465,-17.090,-35.156,-6.348,0.000
1676160252.888,-29.297,-17.578,-35.645,-46.387,0.000
1676160252.891,-18.555,-14.648,-36.621,-30.762,0.000
1676160252.895,10.742,-19.043,-50.293,-5.371,0.000
1676160252.899,9.766,-23.926,-52.734,-11.230,0.000
1676160252.903,-14.160,-17.090,-43.945,-43.457,0.000
1676160252.907,-23.926,-15.137,-38.574,-42.480,0.000
1676160252.911,-2.930,-19.531,-38.086,0.488,0.000
1676160252.915,11.230,-23.926,-42.480,19.043,0.000
1676160252.919,-11.230,-24.414,-32.227,-14.160,0.000
1676160252.923,-26.855,-28.809,-27.344,-18.555,0.000
1676160252.927,-8.789,-21.973,-33.203,13.672,0.000
1676160252.930,4.883,-9.277,-35.156,10.742,0.000
1676160252.934,-17.090,-15.137,-38.086,-21.973,0.000
1676160252.938,-39.551,-21.484,-35.645,-41.016,0.000
1676160252.942,-25.879,-16.113,-32.227,-19.531,0.000
1676160252.946,-3.418,-19.531,-36.621,5.859,0.000
1676160252.950,-11.230,-20.508,-46.875,-11.230,0.000
1676160252.954,-39.062,-14.648,-46.875,-53.223,0.000
1676160252.958,-35.156,-17.578,-38.086,-49.316,0.000
1676160252.962,-6.836,-24.414,-36.133,-11.719,0.000
1676160252.966,-7.324,-23.926,-35.156,-9.766,0.000
1676160252.970,-29.785,-16.113,-39.062,-47.363,0.000
1676160252.973,-30.762,-11.719,-41.504,-49.805,0.000
1676160252.977,-1.465,-12.207,-29.785,6.348,0.000
1676160252.981,18.066,-13.672,-24.902,23.438,0.000
1676160252.985,-12.695,-21.973,-30.762,-20.508,0.000
1676160252.989,-34.668,-22.949,-31.250,-38.574,0.000
1676160252.993,-7.324,-20.996,-39.551,-9.766,0.000
1676160252.997,12.695,-27.832,-44.922,8.789,0.000
1676160253.001,-10.254,-29.297,-41.504,-16.602,0.000
1676160253.005,-33.691,-26.367,-37.109,-51.758,0.000
1676160253.009,-9.277,-23.926,-29.785,-22.461,0.000
1676160253.012,10.742,-30.273,-34.180,17.578,0.000
1676160253.016,-3.418,-28.320,-40.039,-13.672,0.000
1676160253.020,-30.762,-17.578,-42.969,-69.336,0.000
1676160253.024,-33.691,-18.066,-45.410,-49.316,0.000
1676160253.028,-6.348,-25.391,-40.039,11.230,0.000
1676160253.032,-4.395,-27.344,-35.156,4.395,0.000
1676160253.036,-32.715,-27.832,-32.227,-42.969,0.000
1676160253.040,-39.551,-27.344,-38.086,-45.410,0.000
1676160253.044,-16.113,-27.344,-47.363,-11.719,0.000
1676160253.048,0.488,-21.973,-42.480,-7.812,0.000
1676160253.052,-12.695,-14.160,-31.738,-35.645,0.000
1676160253.055,-38.086,-7.812,-26.367,-41.016,0.000
1676160253.059,-23.926,-8.789,-25.391,-12.207,0.000
1676160253.063,1.953,-17.578,-27.832,9.766,0.000
1676160253.067,-3.418,-8.301,-26.855,-15.137,0.000
1676160253.071,-24.902,-6.836,-29.785,-37.598,0.000
1676160253.075,-28.809,-21.484,-43.457,-22.949,0.000
1676160253.079,-11.230,-22.949,-49.316,-3.906,0.000
1676160253.083,0.488,-20.996,-40.039,4.883,0.000
1676160253.087,-20.020,-22.461,-41.992,-33.691,0.000
1676160253.091,-20.020,-18.066,-41.016,-40.039,0.000
1676160253.095,2.930,-18.555,-30.273,12.207,0.000
1676160253.098,9.277,-18.555,-21.973,17.090,0.000
1676160253.102,-7.812,-20.996,-22.949,-20.508,0.000
1676160253.106,-24.902,-28.320,-29.785,-32.715,0.000
1676160253.110,-3.418,-20.020,-34.180,-10.254,0.000
1676160253.114,21.973,-15.137,-34.180,12.207,0.000
1676160253.118,4.883,-18.066,-33.203,5.371,0.000
1676160253.122,-29.785,-17.578,-33.691,-28.320,0.000
1676160253.126,-20.020,-19.043,-30.273,-11.719,0.000
1676160253.130,0.977,-19.531,-31.738,16.602,0.000
1676160253.134,-11.230,-11.719,-30.762,-12.207,0.000
1676160253.138,-24.414,-2.930,-22.949,-42.480,0.000
1676160253.141,-17.090,-7.324,-27.832,-19.531,0.000
1676160253.145,3.906,-13.672,-30.762,17.090,0.000
1676160253.149,1.953,-17.578,-31.250,10.742,0.000
1676160253.153,-19.043,-19.531,-31.738,-21.973,0.000
1676160253.157,-21.973,-23.438,-34.180,-29.785,0.000
1676160253.161,-0.977,-19.531,-30.762,12.695,0.000
1676160253.165,14.160,-12.695,-27.832,32.227,0.000
1676160253.169,-18.066,-15.625,-34.668,-20.020,0.000
1676160253.173,-32.227,-11.230,-29.297,-40.039,0.000
1676160253.177,-2.930,-13.184,-30.762,-0.977,0.000
1676160253.180,5.371,-13.184,-39.062,18.555,0.000
1676160253.184,-17.578,-8.789,-28.809,-13.672,0.000
1676160253.188,-36.133,-16.113,-27.344,-35.645,0.000
1676160253.192,-20.508,-21.484,-31.250,-17.090,0.000
1676160253.196,-1.953,-20.508,-29.785,6.836,0.000
1676160253.200,-4.883,-9.277,-28.809,2.441,0.000
1676160253.204,-17.090,-9.766,-28.809,-25.879,0.000
1676160253.208,-15.137,-26.367,-25.391,-4.883,0.000
1676160253.212,-4.883,-30.273,-27.344,11.230,0.000
1676160253.216,1.953,-22.461,-32.227,-6.348,0.000
1676160253.220,-20.020,-14.648,-31.250,-34.180,0.000
1676160253.223,-31.738,-13.672,-36.621,-39.062,0.000
